{
    "UsePIXEvents": true,
    "FlyingCamera.RotationSpeed.RadiansPerPixel": [
        -0.004999999888241291,
        0.004999999888241291
    ],
    "FlyingCamera.MovementSpeed.UnitsPerSecond": 2.0,
    "SceneTimeSpeed": 1.0,
    "FrameRandomSleep": [
        0,
        0
    ],
    "SyncInterval": 1,
    "Background.Color": [
        0.0,
        0.03525084629654884,
        0.2320675253868103,
        1.0
    ]
}